course_name,price,duration,description
GIS Technical Architect,49,4,Beautiful wall calendar for organizing your schedule.
Project Manager,623,4,Qi-certified wireless charger for fast charging.
Senior Quality Engineer,608,1.5,Set of reusable baking cups for muffins and cupcakes.
Marketing Manager,80,4,Challenging puzzle game set for family entertainment.
Editor,437,5,Automatic waterer that filters and provides fresh drinking water for pets.
Senior Developer,855,3,Moist and flavorful muffins packed with fall spices and pumpkin puree.
Staff Scientist,410,1.5,Stylish wall art to enhance home decor.
Community Outreach Specialist,395,3,"Roasted pistachios, a healthy and tasty snack."
Information Systems Manager,26,3,Track your meals and nutrition with this handy food journal.
Environmental Specialist,900,3,Durable gloves with built-in claws for digging and planting.
Compensation Analyst,705,3,"Quick-cooking couscous, great as a side or base."
Sales Associate,354,4,Plant-based mayonnaise for a creamy taste.
Structural Engineer,16,4,Chic wrap jumpsuit that flatters the body and is perfect for any occasion.
Administrative Officer,599,4,USB hub for expanding ports on computers and laptops.
Recruiter,456,3,Spicy cauliflower bites for a vegetarian snack.
Budget/Accounting Analyst II,117,5,Rich almond butter encased in dark chocolate.
Associate Professor,918,4,"Fine semolina flour, perfect for pasta and desserts."
Mechanical Systems Engineer,604,3,Cold pasta salad tossed with pesto and fresh vegetables.
Financial Advisor,947,12,Easy meal kit for creamy fettuccine Alfredo.
Assistant Media Planner,296,3,Versatile organic coconut oil for cooking and baking.
Automation Specialist III,893,3,"Savory pancakes made with chickpea flour, high in protein."
Librarian,916,3,Compact sewing kit for travel emergencies.
Staff Accountant II,627,3,Single-serve coffee maker with a built-in grinder.
Administrative Officer,957,11,A perfect blend of pineapple and teriyaki for stir-fry.
Tax Accountant,974,1.5,Spicy and tangy chili sauce for adding heat to any dish.
Help Desk Operator,859,3,Colorful bins to keep your space organized.
Payment Adjustment Coordinator,423,12,"Sweet and savory carrots glazed in honey, perfect as a side dish."
Information Systems Manager,773,4,Device that tracks soil moisture and provides care tips.
Programmer Analyst III,779,3,Oversized gaming mousepad with smooth surface.
Electrical Engineer,168,1.5,Pancake mix infused with seasonal pumpkin spice flavor.
Dental Hygienist,886,13,Set of resistance bands for home workouts.
Librarian,542,3,A fragrant Indian spice blend for curries and stews.
Operator,107,3,"Crunchy pretzels coated in rich chocolate, a sweet treat."
Senior Cost Accountant,278,5,Essential ingredient for baking and cooking.
Health Coach II,876,3,Flexible light strips for creative home decor.
Environmental Tech,93,3,Space-saving shoe organizer for tight spaces.
Civil Engineer,329,3,Magical lens kit for kids to explore the outdoors.
Administrative Officer,859,3,"Unsweetened apple sauce, great for snacks or baking."
VP Accounting,621,3,Planter with self-watering feature for easy plant care.
Junior Executive,389,3,Fresh eggs from free-range chickens.
Electrical Engineer,524,1.5,A casual striped long sleeve shirt that's perfect for layering.
Speech Pathologist,940,3,Video baby monitor with night vision.
Research Assistant III,898,1.5,64GB SD memory card for cameras and devices.
Financial Advisor,451,3,Bright flashlight with rechargeable batteries included.
Account Representative IV,697,14,Pure maple syrup for pancakes and more.
Editor,778,3,Fast and accurate thermometer for grilling and cooking.
Web Developer IV,366,12,"A hearty soup made with lentils, a variety of vegetables, and spices, ideal for a nutritious meal."
Occupational Therapist,385,1.5,Small fridge designed to keep skincare products cool and fresh.
Chemical Engineer,469,3,Eco-friendly trash bags that break down naturally.
VP Product Management,593,3,Compact alarm for personal safety and security.
Media Manager II,164,1.5,Dairy-free yogurt made from coconut milk.
Environmental Tech,77,1.5,High-resolution camera for stunning photos.
VP Product Management,997,3,"A hearty salad with grains, dried fruits, and nuts."
Community Outreach Specialist,600,3,Energy-efficient infrared heater for home use.
Product Engineer,217,3,Rechargeable hand warmer for cold weather comfort.
Tax Accountant,619,3,Eco-friendly phone case designed to decompose safely.
Internal Auditor,149,1.5,Stylish and modern holder for storing wine bottles on walls.
Media Manager IV,50,3,Adjustable window blinds for privacy and light control.
Project Manager,795,5,"Light and crispy chips made from quinoa, ideal for dipping."
Analog Circuit Design manager,432,3,"Creamy hummus with a kick of spice, great for dipping."
Operator,359,3,Craft your own lip balms with this complete kit.
Geological Engineer,231,12,"Creamy and smooth peanut butter, perfect for sandwiches."
Chemical Engineer,54,4.5,Delicious cookies flavored with pumpkin and spices.
Editor,807,3,Creamy mashed potatoes infused with roasted garlic flavor.
VP Marketing,970,3,Colorful bins to keep your space organized.
Geological Engineer,680,1.5,Passive noise reduction headphones for focus.
Marketing Assistant,185,4,Insulated pitcher to keep beverages cold or hot.
Budget/Accounting Analyst III,999,3,Cozy throw blanket perfect for chilly evenings.
Executive Secretary,275,3,Fast and accurate thermometer for grilling and cooking.
Senior Developer,115,3,Electric foot massager with heat settings.
General Manager,389,1.5,Refreshing sparkling water infused with cranberry and lime flavors.
Nurse,728,4,Spicy cauliflower bites for a vegetarian snack.
Human Resources Assistant I,452,4,"Crispy sweet potato bites, delicious as a side or snack."
Marketing Assistant,354,4,Stability ball for Pilates and yoga workouts.
Human Resources Assistant II,345,9.5,"A zesty marinade made with lemon juice and garlic, ideal for chicken or fish."
Legal Assistant,955,5,Complete set of cooking utensils made from bamboo.
Administrative Assistant II,598,5,"Juicy meatballs made with a blend of beef and pork, seasoned with Italian herbs."
Account Executive,22,5,Comfortable slide sandals for lounging by the pool.
Computer Systems Analyst I,658,3,Cordless electric screwdriver for home projects.
Data Coordinator,671,3,Cold pasta salad tossed with pesto and fresh vegetables.
Account Executive,598,3,Multi-level cat tree for climbing and scratching.
Quality Control Specialist,16,1.5,"Crispy baked radish chips, a healthy snack alternative."
Internal Auditor,412,4,Citrusy lemons perfect for drinks and cooking.
Internal Auditor,152,13,Ready-to-drink shots made with fresh ginger and turmeric.
Librarian,754,3,Comfortable wireless headphones designed for sleeping.
Web Developer III,200,3,Compact action camera for capturing adventures.
Help Desk Technician,968,3,"Concentrated tomato paste, great for sauces."
Administrative Assistant IV,770,3,A light and breezy top ideal for warm days.
Senior Financial Analyst,385,3,Easy meal kit for creamy fettuccine Alfredo.
Research Associate,973,3,"Lightweight cover-up perfect for the beach, with a breezy design."
Staff Scientist,399,3,Chewy bars made with peanut butter and chocolate chips.
Analyst Programmer,806,3,Soft oatmeal cookies with maple and pecans.
Director of Sales,757,12,DIY projector that magnifies your smartphone screen for movie nights.
Sales Representative,223,3,Soft corner protectors to keep babies safe at home.
Senior Sales Associate,402,3,Elegant glass decanter for aerating wine.
Accounting Assistant IV,88,20,Digital scale to avoid overweight baggage fees.
Associate Professor,998,3,Compact Bluetooth speaker with rich sound quality.
Community Outreach Specialist,946,4,Small toolkit with essentials for home repairs.
Sales Associate,973,3,"Creamy and smooth peanut butter, perfect for sandwiches."
Occupational Therapist,401,1.5,Fun inflatable float for lounging in the pool or beach.
Data Coordinator,811,1.5,Cozy throw blanket perfect for adding warmth to your home.
Engineer II,636,3,Essential kit for taking care of your pets' health emergencies.
Junior Executive,960,3,Nutritious and quick-cooking red lentils.
Safety Technician I,363,4,Elegant glass teapot for brewing loose tea.
Mechanical Systems Engineer,244,4,Scented bath salts for relaxation and self-care.
Database Administrator I,345,12,Beginner-friendly drone with HD camera.
Marketing Manager,594,11,Safety vest for pets during nighttime walks.
Recruiting Manager,247,10,"Instant oats with a savory twist, such as herbs and spices."
Paralegal,411,1.5,A flavorful blend of rice with tropical pineapple and coconut flavors.
Programmer Analyst I,261,3,"Pre-seasoned beef mix for delicious tacos, just heat and serve."
Desktop Support Technician,227,5,Compact electric pot for hot pot dining at home.
Budget/Accounting Analyst II,893,3,Premium olive oil infused with herbs for enhanced flavor.
Engineer I,944,3,"Refreshing green tea infused with peach, perfect for a hot day."
Engineer II,631,3,Crispy roasted chickpeas seasoned to perfection
Payment Adjustment Coordinator,58,3,"Smooth soup made from carrots and ginger, great for cold days."
GIS Technical Architect,727,3,Illuminated vanity mirror with adjustable brightness settings.
Graphic Designer,479,4,"Lean and versatile ground turkey, perfect for various dishes."
Desktop Support Technician,297,3,Comfortable and warm leggings perfect for colder weather.
Actuary,662,1.5,Creamy macaroni and cheese baked to perfection.
Budget/Accounting Analyst I,494,3,Bright flashlight with rechargeable batteries included.
Nurse Practicioner,833,3,RFID-blocking slim wallet for cards and cash.
Structural Engineer,261,3,"Creamy yogurt with probiotics, available in various flavors."
Chemical Engineer,844,6,Safe and vibrant crayons for children's art projects.
Environmental Specialist,775,4,"Gluten-free almond flour, perfect for baking."
Editor,24,3,Savory lentil chips with BBQ flavor
Community Outreach Specialist,327,3,"A rich marinade perfect for meats and vegetables, infused with Italian herbs and balsamic vinegar."
Financial Advisor,429,4,Juicy and tender boneless chicken breasts.
Librarian,953,5,"Pre-cooked vegetable fried rice, just heat and serve."
Senior Sales Associate,539,1.5,A trendy oversized denim shirt perfect for layering.
Civil Engineer,882,3,Absorbent training pads for puppies and kittens.
Accounting Assistant I,951,3,"A flavorful garlic butter blend, perfect for cooking or baking."
Executive Secretary,546,4,Clip-on guitar tuner with LCD display.
Staff Accountant I,549,3,Organize your board games with this storage bin.
Recruiter,723,14,Lantern that repels mosquitoes while providing light.
Operator,848,4.5,Protects car interior from sun damage and heat.
Nurse Practicioner,516,4,Add a smoky flavor to your dishes.
Quality Control Specialist,720,16,Durable baking sheet coated for easy food release.
Assistant Manager,558,3,Crispy roasted chickpeas seasoned to perfection
Speech Pathologist,822,3,Creamy honey mustard sauce for dipping or dressing.
General Manager,335,6,Folding massage table for professional or home use.
Internal Auditor,906,3,Blender for smoothies with a portable cup.
Biostatistician II,308,4,"Coffee blend infused with pumpkin spice, perfect for fall."
Accounting Assistant III,384,5,Challenging 1000-piece jigsaw puzzle for all ages.
Legal Assistant,21,3,Eco-friendly phone case designed to decompose safely.
Librarian,606,3,Eco-friendly charger that uses solar energy for powering devices.
Software Engineer III,136,3,"Creamy, dairy-free Alfredo sauce"
Office Assistant III,822,13,Whole grain oats that are perfect for breakfast or baking.
Marketing Assistant,180,4,"Trendy high-low tee with a relaxed fit, ideal for weekends."
Engineer II,946,3,Ergonomic office chair with lumbar support and adjustable height.
Geologist IV,488,4,Perfect dipping sauce or stir-fry addition for a sweet and tangy flavor.
Sales Associate,579,3,"Creamy, sweet pie mix to make the perfect coconut cream pie."
Financial Analyst,570,3,Unsweetened frozen acai pur√©e for smoothies and bowls.
Financial Advisor,955,3,"Frozen salmon fillets marinated in teriyaki sauce, ready to grill or bake."
Mechanical Systems Engineer,634,3,Durable backpack designed for hiking and outdoor excursions.
GIS Technical Architect,848,3,"Sweet and spiced apple filling, perfect for pies."
Office Assistant III,330,3,"A healthy oil extracted from avocados, ideal for frying and salads."
VP Quality Control,935,3,1080p HD video camera with night vision.
Structural Analysis Engineer,728,12,Compact projector for movies and presentations on the go.
Operator,417,3,"Crunchy granola with toasted coconut flakes, perfect for breakfast or snacks."
Office Assistant IV,282,3,Creamy tahini made from ground sesame seeds.
Dental Hygienist,922,4,"Crunchy granola with oats, nuts, and honey."
Marketing Assistant,724,14,Wi-Fi enabled plug for controlling devices from your smartphone.
Statistician I,186,4,Convenient water bottle for pets on the go.
Web Designer III,627,3,"Creamy cottage cheese, perfect for healthy snacking."
Nurse,50,4,Crunchy pretzel bites filled with peanut butter
Staff Scientist,908,5,"A zesty marinade made with lemon juice and garlic, ideal for chicken or fish."
Librarian,820,5,Control your lights remotely with a smartphone app.
VP Accounting,822,3,"A classic soup combining tomatoes and basil, great with grilled cheese sandwiches."
Project Manager,418,5,"Creamy dip made with real onions and spices, great for chips and veggies."
Engineer I,226,1.5,"Rich and tangy balsamic vinegar, perfect for dressings."
Legal Assistant,42,3,Durable toy designed for heavy chewers.
Community Outreach Specialist,134,3,HD streaming device for accessing popular services.
Health Coach III,933,3,"Chickpeas served with olives, feta, and hummus, a healthy meal."
Sales Representative,459,4,Healthy pizza crust made from cauliflower
Accountant IV,1000,1.5,Floating bookshelf to display your favorite books.
Teacher,691,3,"Crunchy granola with toasted coconut flakes, perfect for breakfast or snacks."
Business Systems Development Analyst,733,3,Warmer for heating baby bottles and food jars.
Chief Design Engineer,772,1.5,Stability ball for Pilates and yoga workouts.
Health Coach II,373,3,Comfortable harness designed to keep pets safe in the car.
Occupational Therapist,904,3,Creamy peach-flavored yogurt with real fruit.
Legal Assistant,529,1.5,Shower head designed for a strong spray and complete coverage.
Registered Nurse,792,1.5,A blend of herbs and garlic for seasoning meats and vegetables.
Assistant Media Planner,968,3,No-bake energy bites made with peanut butter and oats.
Product Engineer,615,3,Eco-friendly charger that uses solar energy for powering devices.
Budget/Accounting Analyst I,307,3,Add a smoky flavor to your dishes.
Analyst Programmer,87,3,A rich sauce perfect for pasta or drizzling over vegetables.
Analog Circuit Design manager,95,3,"Creamy yogurt with probiotics, available in various flavors."
Research Assistant IV,865,5,Set of whisks in various sizes for cooking.
Automation Specialist II,633,1.5,"Sweet and tart dried cranberries, great for salads and baking."
Actuary,632,4,Multi-functional grater for cheese and vegetables.
Systems Administrator IV,945,3,Non-slip mat designed for yoga and fitness exercises.
Structural Analysis Engineer,905,3,Rechargeable water flosser for dental hygiene.
Financial Advisor,983,3,"Bartender kit with shaker, jigger, and strainer."
Assistant Manager,691,3,Large inflatable pool for summer fun in your backyard.
Software Test Engineer III,527,12,Compact hose reel to keep your garden tidy.
Analyst Programmer,803,1.5,High-frequency whistle for training your dog effectively.
Chief Design Engineer,574,12,8oz water bottle with built-in filter for clean drinking water.
Legal Assistant,914,3,Large electric griddle for family meals.
General Manager,624,3,"Synthetic crab meat sticks, great for salads and sushi."
General Manager,27,3,Stackable steamers for healthy cooking of vegetables and seafood.
Research Assistant II,600,3,Creamy ice cream with refreshing mint flavor and chocolate chips.
Product Engineer,835,3,Eco-friendly electric bike with a 30-mile range.
Nurse,778,3,"Organize travel documents, passport, and cards."
Dental Hygienist,732,3,Durable cable for connecting devices with high-definition video.
Help Desk Technician,500,3,"Concentrated tomato paste, great for sauces."
Graphic Designer,750,5.5,Tofu stir-fried with fresh vegetables in teriyaki sauce.
Desktop Support Technician,265,1.5,Comfortable and adjustable harness for dogs.
Programmer I,12,1.5,Healthy energy bites made with oats and natural sweeteners.
Product Engineer,676,9.5,"Fresh baby spinach leaves, great for salads and smoothies."
Structural Engineer,312,4.5,"Lightly salted rice cakes, perfect for a healthy snack."
Staff Scientist,970,15,Ready-to-bake cookie dough packed with chocolate chips.
Administrative Officer,569,3,Monthly subscription for freshly roasted coffee delivered to your door.
Social Worker,360,3,Crunchy granola clusters mixed with nuts and honey.
Paralegal,627,1.5,Educational robotics kit for building and programming.
Speech Pathologist,343,3,Complete set for grilling and tailgating fun.
Staff Accountant III,200,3,"Bell peppers stuffed with rice, beans, and spices, ready to bake."
Civil Engineer,874,3,Versatile canvas sneakers suitable for everyday wear with a comfortable fit.
Design Engineer,132,25,Non-toxic traps for catching household pests safely.
Analyst Programmer,173,5,"Wide range of flavored wings, perfect for parties or casual snacking."
Senior Cost Accountant,558,3,A soothing tea blend with turmeric and ginger for wellness.
Tax Accountant,157,11,Cordless handheld vacuum for quick cleanups.
Dental Hygienist,797,3,"A zesty salad with black beans, corn, and chipotle dressing."
Software Engineer III,851,3,Classic V-neck sweater crafted from soft wool for warmth and style.
Programmer Analyst I,416,11,Set of ceramic knives for precision slicing.
Help Desk Operator,969,3,Flexible tray for easy-release ice cubes.
Senior Financial Analyst,198,3,All-in-one art set for kids to unleash creativity.
Senior Financial Analyst,822,3,Rich chocolate protein powder for smoothies and baking.
Systems Administrator IV,634,3,Quality scissors designed for easy pet grooming.
Software Engineer I,616,1.5,Light and fluffy popcorn coated in sweet honey butter.
Developer I,972,3,Non-contact thermometer for quick and easy temperature readings.
Community Outreach Specialist,148,4,"Crispy baked radish chips, a healthy snack alternative."
Environmental Specialist,946,3,Salty pretzels filled with creamy peanut butter.
Electrical Engineer,499,3,Precision digital scale for accurate cooking measurements.
Senior Financial Analyst,396,3,Countertop compost bin for kitchen waste.
Software Consultant,220,4.5,"Floral and refreshing herbal tea, great hot or iced."
Developer I,359,3,Reusable straws that come with a cleaning brush.
Human Resources Assistant III,791,3,"Crunchy chips made from blue corn, perfect for dipping."
Structural Engineer,169,11,Everything you need to create a hearty beef stroganoff.
Research Assistant I,171,12,Elegant glass teapot for brewing loose tea.
Software Engineer I,589,1.5,"Creamy risotto made with mushrooms and herbs, perfect as a side dish or main course."
Senior Editor,57,5,Planters with a self-watering feature for easy care.
Chief Design Engineer,290,3,Flavorful rice mix with saffron and spices.
Teacher,864,3,"A nutrient-packed salad mix with kale, quinoa, and a lemon vinaigrette, ready to eat."
Community Outreach Specialist,98,4.5,Durable bag for carrying your yoga mat and accessories.
Technical Writer,917,1.5,Convenient strap for carrying yoga mats to class.
Software Engineer IV,538,1.5,Adjustable shelving unit for home or garage storage.
Quality Control Specialist,324,12.5,"Tangy goat cheese infused with herbs, perfect for snacking."
Senior Cost Accountant,785,1.5,Soft and chewy bar packed with protein and cinnamon flavors.
Chief Design Engineer,828,3,"Essential cotton tank top, perfect for layering."
Financial Advisor,902,3,Stabilizer for smooth video recording with smartphones.
Senior Sales Associate,797,3,"Marinated chicken skewers with lemon and dill flavor, grilled to perfection."
Sales Representative,761,3,"A zesty salsa made with peaches and mangos, great for chips."
Civil Engineer,827,3,Compact blender that comes with travel cups for smoothies.
Nurse Practicioner,452,12,Lightweight tripod designed for smartphone photography.
Internal Auditor,419,6,Lightweight yoga mat for practicing on the go.
Senior Sales Associate,775,1.5,Compact ice maker for creating ice at home or in offices.
Senior Financial Analyst,959,3,Citrusy lemons perfect for drinks and cooking.
Community Outreach Specialist,419,3,"Smart tailored dress pants, perfect for work or formal events."
Community Outreach Specialist,717,21,Delicious muffins filled with apples and a hint of cinnamon for breakfast.
Environmental Tech,386,3,Sweetened powder for refreshing lemonade.
GIS Technical Architect,490,3,Heavy-duty rake with adjustable width for different gardening needs.
Paralegal,145,3,Connect your phone to the car's audio system via Bluetooth.
Operator,859,1.5,Creamy tahini made from ground sesame seeds.
Account Representative III,628,1.5,Rich chocolate syrup for ice cream or beverages.
VP Product Management,315,6,"Light and crispy rice cakes, a perfect low-calorie snack."
Staff Scientist,805,4,Set of resistance bands for versatile strength training workouts.
Assistant Media Planner,80,3,"A mix of strawberries, blueberries, and raspberries, great for smoothies or desserts."
VP Marketing,795,16,Compact coffee grinder for fresh ground coffee beans.
Programmer III,525,3,Warm oatmeal flavored with apple and cinnamon.
Systems Administrator I,622,3,Compact air fryer for healthier cooking.
Editor,387,1.5,A warm and sustainable wool scarf for chilly days.
Web Designer III,981,4,Roasted almonds coated in a sweet maple and cinnamon mixture.
Actuary,543,4,Compact hand mixer for easy baking.
Database Administrator III,757,3,"Crispy mini pretzels, a great snack any time of day."
Graphic Designer,506,1.5,"A frozen pizza topped with fresh mozzarella, tomatoes, and basil."
Office Assistant III,144,4.5,Comfortable and breathable backpack for carrying small pets.
Legal Assistant,918,1.5,Stainless steel measuring spoons set for cooking.
Executive Secretary,804,3,Bluetooth speakers with excellent sound quality.
Operator,659,3,Lint roller designed specifically for removing pet hair from furniture.
Programmer Analyst III,860,1.5,Reusable whiteboard for notes and reminders with magnetic backing.
Computer Systems Analyst I,99,1.5,Portable coffee maker for rich brews on the go.
Account Coordinator,593,4,Portable bed for pets while traveling.
Quality Engineer,993,3,Water-resistant activity tracker and smartwatch features.
General Manager,104,1.5,Lightweight and portable folding table for camping or picnics.
Data Coordinator,442,3,"Spicy and flavorful soup made with black beans, perfect as a meal or starter."
General Manager,351,4,Set of roller bottles for blending and applying essential oils.
Sales Representative,917,3,"A zesty marinade made with lemon juice and garlic, ideal for chicken or fish."
Help Desk Operator,672,10,Compact yoga mat that folds for easy storage and transport.
Account Representative I,304,3,Stylish and modern holder for storing wine bottles on walls.
Developer III,299,1.5,Elevated planter box for growing herbs or small plants easily.
Editor,829,4,Nutritious organic quinoa for salads or sides
Media Manager III,696,4,Delicious cookies with cranberries and almonds in every bite.
Analyst Programmer,784,3,"Farm fresh eggs, essential for breakfast."
Assistant Professor,512,3,"Aromatic long-grain basmati rice, perfect for curries."
VP Product Management,648,3,Retro-style graphic tee with a soft wash for a vintage feel.
Financial Advisor,252,3,Non-stick baking mat for easy cooking and cleanup.
Pharmacist,751,1.5,A warm and sustainable wool scarf for chilly days.
Marketing Assistant,385,4,Soft and strong toilet paper for everyday use.
Geologist III,550,1.5,Portable rechargeable warmer for cold days.
Financial Advisor,470,3,Comfortable pet carrier for travel and vet visits.
Software Consultant,59,3,"Super soft fleece blanket, perfect for coziness."
Teacher,773,3,"Sweet bread with cinnamon and raisins, great for breakfast or snacks."
Junior Executive,34,3,Durable non-stick frying pan for easy cooking and cleaning.
Human Resources Assistant I,346,10,A wholesome granola with bits of apple and a touch of cinnamon.
Administrative Assistant III,587,12,Automatic water fountain for pets with filtration.
Senior Cost Accountant,654,3,Rich and creamy pudding made with ripe avocados and cocoa.
Compensation Analyst,43,3,Non-stick surface for easy cooking and cleaning.
Marketing Assistant,142,3,A casual striped long sleeve shirt that's perfect for layering.
Physical Therapy Assistant,226,4,Rich coconut milk for curries and desserts.
Assistant Professor,26,3,A spicy marinade perfect for chicken and fish.
Tax Accountant,52,4,Wi-Fi enabled doorbell with HD camera and two-way audio.
Accounting Assistant III,427,3,Compact organizer for cosmetics during travel.
Information Systems Manager,29,3,Mixed fresh vegetables for stir-frying or roasting.
Staff Scientist,179,3,A crunchy collection of flavored kettle chips in a convenient pack.
Budget/Accounting Analyst II,331,3,Lightweight and portable swing hammock for relaxing outdoors.
Help Desk Operator,507,1.5,Compact electric scooter for commuting and short trips.
Design Engineer,569,11,"Sweet and savory carrots glazed in honey, perfect as a side dish."
Assistant Professor,746,4,"High-protein pasta made from black beans, gluten-free."
Nurse Practicioner,640,3,"Marinated chicken breast seasoned with herbs, ready for grilling."
Sales Representative,279,3,Complete set for garden care with a handy carrying bag.
VP Product Management,692,3,"Fresh baby spinach leaves, great for salads and smoothies."
Health Coach III,665,1.5,Compact scooper for easy waste clean-up during walks.
Speech Pathologist,106,3,A refreshing sparkling beverage with a bold blood orange flavor.
Desktop Support Technician,288,3,"Ready-to-eat salad with kale, lemon, and cheese."
Analyst Programmer,818,1.5,A comforting soup filled with chicken and noodles in broth.
Engineer II,736,20,Large electric griddle for family meals.
Chief Design Engineer,367,3,Tender chicken coated in a sweet and savory honey garlic sauce.
Electrical Engineer,218,3,Crunchy granola made with organic oats
Assistant Professor,611,21,Non-slip mat designed for yoga and fitness exercises.
Environmental Tech,230,4,"A mix of fresh vegetables with a savory stir-fry sauce, ready to cook."
Nurse Practicioner,125,3,Creamy and crumbly cheese for salads and dishes.
Account Coordinator,355,3,Hearty tomato soup made from organic ingredients.
GIS Technical Architect,392,3,"Sweet relish made from cucumbers, perfect for sandwiches."
Structural Analysis Engineer,56,1.5,"A mix of fresh vegetables with a savory stir-fry sauce, ready to cook."
Compensation Analyst,874,1.5,Fresh sliced bell peppers for salads or stir-fries.
Analog Circuit Design manager,866,3,Natural elderberry syrup to boost immunity.
VP Accounting,256,12,"Creamy dip made with caramelized onions, perfect for chips or veggies."
Analog Circuit Design manager,964,5,Automatic water fountain for pets with filtration.
Data Coordinator,506,1.5,Creamy risotto infused with wild mushrooms.
Assistant Media Planner,958,5,Electric food steamer for healthy cooking.
Marketing Manager,444,3,Small fridge designed to keep skincare products cool and fresh.
VP Quality Control,564,3,Pancake mix infused with seasonal pumpkin spice flavor.
Geological Engineer,714,1.5,"Soft, cuddly toy that interacts with children."
VP Marketing,30,1.5,"Lightly salted rice cakes, perfect for a healthy snack."
Senior Sales Associate,71,3,Convert your desk to a standing desk easily.
Structural Analysis Engineer,542,12.5,Challenging 1000-piece jigsaw puzzle for all ages.
Assistant Professor,111,3,High-quality whole wheat flour for baking and cooking.
Quality Control Specialist,656,3,"Sliced black olives, perfect for salads and pizzas."
Assistant Professor,199,4,"Frozen zucchini slices coated in parmesan cheese, perfect for baking or frying."
Mechanical Systems Engineer,133,4,"A sweet and spicy salsa made with mangoes and a hint of chili, great with chips or grilled chicken."
Programmer Analyst II,789,3,"A refreshing drink mix that combines sweet raspberries and tart lemons, perfect for summer."
Senior Sales Associate,171,1.5,Flexible light strips for creative home decor.
Budget/Accounting Analyst III,308,4,A tailored slim fit shirt for a polished look at work.
Financial Analyst,113,2.5,A staple v-neck t-shirt that pairs well with anything.
Web Developer III,786,3,Classic ranch dressing for salads and dipping.
Engineer III,700,3,Non-stick utensils for safe and easy cooking.
Payment Adjustment Coordinator,289,11,Comfortable slim fit chinos for a polished look.
Senior Editor,23,5.5,Variety of bands suitable for all fitness levels.
Occupational Therapist,892,3,A healthy mix of assorted dried fruits and nuts for snacking.
Environmental Tech,227,3,Refreshing juice blend made with various fresh fruits.
Business Systems Development Analyst,878,3,Manual pasta maker for homemade pasta.
Statistician I,507,3,"Soft and fresh sliced bread, perfect for sandwiches."
Librarian,637,3,Flavored aioli made with roasted garlic
Executive Secretary,62,4,Durable apron to keep clothes clean while cooking.
Account Coordinator,834,4,A classic denim jacket that never goes out of style.
Social Worker,288,3,Tender chicken coated in a sweet and savory honey garlic sauce.
Assistant Professor,967,3,Bell peppers filled with quinoa and vegetables.
Human Resources Manager,959,3,Multifunctional smartwatch for fitness tracking.
Financial Advisor,739,4,"Savory, roasted nuts seasoned with garlic and parmesan."
Senior Sales Associate,64,4,Stability ball for Pilates and yoga workouts.
Tax Accountant,125,1.5,A tangy and spicy BBQ sauce that's perfect for grilling.
VP Product Management,802,1.5,All ingredients included for delicious chicken fajitas.
Graphic Designer,120,3,Efficient juicer for fresh fruit and vegetable juices.
Graphic Designer,603,3,Lentils cooked in a coconut curry for a hearty meal.
VP Quality Control,445,3,Fun gardening tools designed specifically for kids.
Food Chemist,597,1.5,"Creamy ice cream made with real vanilla beans, perfect for desserts."
Nurse Practicioner,23,5,Set of decorative cushion covers for home decor.
Community Outreach Specialist,31,6,Durable yoga strap for deeper stretches.
Operator,956,3,A warm and stylish puffer coat perfect for winter weather.
VP Quality Control,176,3,Compact electronic drum kit for musicians of all levels.
Safety Technician IV,638,1.5,A warming blend of ginger and turmeric for lattes.
Physical Therapy Assistant,354,3,"Ready-to-eat avocado slices, perfect for tacos."
Accounting Assistant IV,294,3,A refreshing salad made with quinoa and seasonal veggies.
Account Coordinator,651,4,"Fresh basil pesto, perfect for pasta or as a sandwich spread."
Tax Accountant,462,2.5,Floating lounger for relaxation in swimming pools or lakes.
Health Coach IV,100,6,Fun robot that engages kids with games and activities.
Software Consultant,676,3,Tidy storage solution for rechargeable batteries.
Web Designer I,200,4,"Rich and creamy ice cream, available in various flavors."
Biostatistician II,387,3,Creamy honey mustard sauce for dipping or dressing.
Help Desk Operator,410,12,All-in-one kit for growing herbs in your kitchen.
Social Worker,351,4,Nostalgic clock that adds charm to any room.
Information Systems Manager,649,3,Convenient charging stand for smartphones and devices.
VP Quality Control,692,3,"Easy-to-prepare rice with cilantro and lime flavors, great as a side."
Database Administrator II,711,1.5,Compact pump ideal for inflating sports equipment or rafts.
Chief Design Engineer,622,5,Spicy blue cheese with a hint of buffalo flavor.
Senior Developer,322,4.5,"A hearty salad with lentils, veggies, and curry dressing."
Account Executive,10,1.5,Essential ingredient for baking fluffy cakes and pastries.
Design Engineer,74,3,Wi-Fi-enabled digital frame for displaying photos.
Professor,265,3,All ingredients included for delicious chicken fajitas.
Social Worker,179,3,Marinated chicken skewers infused with traditional tandoori spices.
Professor,787,1.5,Ultrasonic essential oil diffuser with LED lights.
Research Assistant III,236,4,Crispy dill pickles that are perfect for snacking or sandwiches.
Clinical Specialist,476,5,Control home appliances remotely using your smartphone app.
Occupational Therapist,976,3,A refreshing sparkling beverage with a bold blood orange flavor.
Nurse,177,3,Organize coffee capsules with this stylish dispenser.
Senior Quality Engineer,814,4,"A fresh salad made with black beans, corn, and a zesty dressing, great for summer cookouts."
Accounting Assistant I,203,4,Foldable reclining camping chair with cup holder.
Recruiter,859,3,Lightweight tripod designed for smartphone photography.
Software Engineer IV,752,5,Hand-poured candles made of natural soy wax.
Software Test Engineer II,268,1.5,Rechargeable hand warmer for cold weather comfort.
Human Resources Manager,965,9.5,"Savory, protein-rich beef jerky for on-the-go snacking."
Desktop Support Technician,182,3,Lightweight tennis racket for beginners and advanced players.
Senior Cost Accountant,212,3,Spicy buffalo sauce ideal for wings or dipping.
Assistant Media Planner,500,3,Rugged phone case for drop protection.
Graphic Designer,321,3,"Creamy ranch dressing, perfect for salads and dips."
Editor,396,3,Compact and portable backpack for day trips and travel.
Environmental Tech,402,3,Crunchy pretzels dipped in rich dark chocolate.
Budget/Accounting Analyst II,456,5,A flavorful sauce for stir-frying vegetables and meats.
Paralegal,769,1.5,"Creamy dip made with real onions and spices, great for chips and veggies."
VP Quality Control,809,3,Safe and fun trampoline for children.
Structural Analysis Engineer,512,1.5,Fine granulated sugar for all your baking needs.
Account Coordinator,799,3,"Crunchy granola bars made with almond butter, oats, and honey, perfect for on-the-go snacking."
Food Chemist,516,3,Durable 50-foot garden hose with nozzle.
Sales Associate,845,1.5,"Refreshing coconut water, perfect for hydration."
Business Systems Development Analyst,817,3,Adjustable window blinds for privacy and light control.
Web Designer II,681,22,Make delicious waffles with this user-friendly device.
Design Engineer,241,9.5,Handy keychain that emits a loud alarm for personal safety.
Technical Writer,198,4,Brews coffee with a smooth flavor without bitterness.
Web Designer IV,872,3,Regulate water temperature for safe and comfortable showers.
Software Test Engineer II,350,1.5,Soft throw blanket for cozy home decor.
Pharmacist,656,1.5,Bright LED flashlight with adjustable beam.
Compensation Analyst,456,3,Savory soup made with leeks and potatoes.
Paralegal,273,1.5,"Fresh Brussels sprouts, great for roasting or steaming."
Quality Engineer,954,3,"All-in-one meal kit including pasta, meatballs, and sauce for a quick dinner."
Media Manager II,602,3,Snooze function and LED display for easy reading.
Structural Analysis Engineer,783,1.5,Unsweetened coconut flakes for baking and snacking.
Professor,245,3,Wearable device to track fitness activities and heart rate.
Systems Administrator IV,173,3,Light and breezy dress perfect for summer outings with a vibrant floral pattern.
Human Resources Manager,495,3,"A zesty salsa made with peaches and mangos, great for chips."
Research Assistant IV,416,4,Healthy pasta alternative made from chickpeas
Statistician IV,320,1.5,Delicious veggie burgers loaded with grilled vegetables.
Programmer I,894,16,Juicy and tender boneless chicken breasts.
General Manager,34,3,Unique handcrafted utensils for cooking and serving.
Data Coordinator,244,3,Custom keychain with engraved text.
Sales Associate,476,3,Hard-shell case for protecting sunglasses.
Sales Representative,975,3,High-resolution camera for stunning photos.
Dental Hygienist,740,1.5,A healthy mix of assorted dried fruits and nuts for snacking.
Teacher,83,3,"A frozen pizza topped with fresh mozzarella, tomatoes, and basil."
Web Developer IV,406,4,"Compact, waterproof blanket for picnics and events."
Senior Quality Engineer,68,1.5,Crispy almonds coated with cinnamon and sugar for a sweet and crunchy snack.
Human Resources Manager,813,3,Organize coffee capsules with this stylish dispenser.
Financial Analyst,527,1.5,Automatic water fountain for pets with filtration.
Dental Hygienist,781,3,Complete set of cooking utensils made from bamboo.
Speech Pathologist,199,3,Frozen cauliflower rice blended with mixed vegetables and seasonings.
Clinical Specialist,104,4,Eco-friendly phone case designed to decompose safely.
Director of Sales,482,3,"Crunchy granola with oats, nuts, and honey."
Librarian,536,4,Stream music from your device to any speaker wirelessly.
Marketing Assistant,256,3,Flexible light strips for creative home decor.
Professor,320,1.5,"Large, durable tote bag for shopping and outdoor activities."
Compensation Analyst,828,3,Set of elegant wine glasses for special occasions.
Account Coordinator,199,4.5,A tangy and spicy BBQ sauce that's perfect for grilling.
Librarian,135,11,Affordable fitness tracker with heart rate monitor.
Associate Professor,457,3,"Crispy baked falafel balls, perfect for salads"
Recruiter,174,10,A warm and sustainable wool scarf for chilly days.
Software Engineer I,448,3,Compact wireless printer for home use.
VP Marketing,124,3,Personalized wooden puzzles for children that encourage learning.
Research Associate,388,3,Adjustable grinders for fresh spices at the table.
Research Associate,361,4,Countertop dishwasher for small kitchens.
Chief Design Engineer,971,1.5,Leak-proof bottles for travel-sized toiletries.
Chemical Engineer,42,3,"Juicy chicken breast stuffed with spinach and feta cheese, seasoned to perfection."
Physical Therapy Assistant,742,3,Powerful hand blender for soups and smoothies.
Senior Editor,229,1.5,"Wild-caught salmon filets, perfect for grilling or baking."
Information Systems Manager,722,3,"Crunchy granola with maple syrup and pecans, great for breakfast or snacking."
Associate Professor,81,3,Lightweight windbreaker for outdoor activities.
Environmental Tech,18,3,Refreshing sparkling water with cucumber and lime flavor.
Statistician I,579,4,"Savory oatmeal ready to eat, great for breakfast or a snack."
Help Desk Technician,850,3,Bell peppers filled with quinoa and vegetables.
Programmer Analyst II,629,3,A blend of dried Italian herbs for cooking.
Web Developer I,393,3,"Fine semolina flour, perfect for pasta and desserts."
Assistant Professor,119,11,"A complete meal kit containing breaded chicken breast, marinara sauce, and pasta, perfect for a quick dinner."
Automation Specialist II,70,1.5,Training tool for reinforcing commands and behavior in dogs.
GIS Technical Architect,871,4,High-quality matcha for making traditional tea or lattes.
Senior Sales Associate,601,10,Connect and control smart devices from one app.
Research Nurse,41,4,Flavorful dressing made with miso paste
VP Quality Control,633,4,Heavy-duty scissors for crafting and office use.
Product Engineer,477,3,Healthy pasta alternative made from chickpeas
Physical Therapy Assistant,963,1.5,Compact air purifier to improve indoor air quality.
VP Sales,687,3,"A sweet and spicy salsa made with mangoes and a hint of chili, great with chips or grilled chicken."
Business Systems Development Analyst,580,3,"Sustainable tank top made of bamboo cotton, offering breathability and comfort."
Junior Executive,521,4,Hearty tomato soup made from organic ingredients.
Recruiter,97,3,Foldable mat for jigsaw puzzle assembly.
Sales Associate,992,3,Storage solutions for keeping your car tidy and organized.
Human Resources Manager,309,3,A sleek leather wallet that combines style and functionality.
Sales Associate,290,1.5,A delicious sauce perfect for stir-frying or glazing meats.
Structural Engineer,420,3,"Spicy jalapenos stuffed with cheese, ideal for appetizers."
Sales Associate,152,4,"Raw brown sugar, perfect for baking or sweetening drinks."
Technical Writer,667,1.5,Timeless black trousers for a smart and sophisticated look.
Human Resources Manager,11,5,"Rich cream extracted from coconut milk, ideal for desserts."
Web Developer I,203,5,Custom engraved ID tags for pets with your contact information.
Environmental Specialist,574,10,Stone-ground mustard infused with craft beer for a gourmet touch.
Civil Engineer,440,3,Everything you need to make your own candles.
Community Outreach Specialist,501,3,Portable water bottle for pets when traveling.
Assistant Professor,819,3,Supportive pillow designed for a good night's sleep.
Administrative Assistant I,508,3,Hanging bird feeder for backyard birds.
Sales Associate,52,3,A crunchy blend of nuts and pretzels with a spicy kick.
Analyst Programmer,173,3,Herbal tea blend with ginger and turmeric for a soothing drink.
Systems Administrator III,381,3,Quick-cooking couscous flavored with herbs and spices.
Registered Nurse,117,12,Crunchy pretzel bites filled with peanut butter
Systems Administrator IV,106,13,Easy-to-make pancake mix with pumpkin spice flavor.
Structural Analysis Engineer,449,1.5,Creamy ice cream with refreshing mint flavor and chocolate chips.
Research Nurse,219,3,"A mix of strawberries, blueberries, and raspberries."
Registered Nurse,360,3,Space-saving shoe organizer for tight spaces.
Senior Editor,222,3,Light and crispy baked potato chips in assorted flavors.
Human Resources Manager,503,1.5,Durable bag for carrying your yoga mat and accessories.
Registered Nurse,357,10,"Savory pizza filled with pepperoni and cheese, ready to microwave."
Chief Design Engineer,80,3,"Grape leaves stuffed with rice and herbs, ready to eat."
Associate Professor,490,3,"Compact towels that expand when wet, ideal for travel."
General Manager,852,13,"Cold-pressed coconut oil, perfect for cooking, baking, or skin care."
Social Worker,927,1.5,"Supportive sports bra designed for high-impact workouts, made with moisture-wicking fabric."
Staff Scientist,873,4,Crunchy granola with pumpkin spice flavor.
Statistician II,441,12,Lightweight and portable folding table for camping or picnics.
Business Systems Development Analyst,259,3,Comprehensive tool set for gardening enthusiasts.
Quality Engineer,754,4,Portable solar shower for camping and outdoor use.
Staff Scientist,547,12,Space-saving bike for indoor workouts.
Social Worker,648,3,Stylish baskets for organizing various items in your home.
Research Assistant I,866,4,Adjustable weighted jump rope for workouts.
Analyst Programmer,262,4,"Sweet blackberry compote, perfect for topping desserts."
Senior Quality Engineer,585,4,"Soft pita bread, perfect for sandwiches or dips."
Paralegal,176,4,Heavy-duty rake with adjustable width for different gardening needs.
Automation Specialist II,37,3,Lightweight and slim monitor ideal for dual-screen setups.
Structural Engineer,907,1.5,Gluten-free bread mix made with almond flour.
Developer IV,605,3,Multi-level cat tree for climbing and scratching.
Senior Sales Associate,323,3,"Pizza topped with barbecue chicken, cheese, and red onions."
Financial Analyst,801,3,HD streaming device for accessing popular services.
Pharmacist,802,4,High-quality whole wheat flour for baking and cooking.
Engineer III,45,5,Modern lamp featuring a USB port for convenient charging.
Junior Executive,239,17,Comprehensive tool set for gardening enthusiasts.
Registered Nurse,1000,3,Water-resistant Bluetooth speaker for showers.
Financial Advisor,664,3,"Delicious soft cookies, dairy-free and egg-free, perfect for treats."
Senior Financial Analyst,141,3,Eco-friendly string lights for outdoor decor.
Staff Scientist,335,2.5,Spicy salsa with chipotle and lime for a zesty kick.
Account Representative III,662,4,Savory lentil chips with BBQ flavor
Automation Specialist III,773,3,Crispy chicken nuggets for quick meals.
Director of Sales,338,3,Rechargeable massage gun for relieving muscle soreness.
Paralegal,632,4.5,"A mix of nuts roasted with spicy seasonings, perfect for snacking."
Design Engineer,758,3,"Sustainable tank top made of bamboo cotton, offering breathability and comfort."
Paralegal,705,3,"Shredded potatoes, perfect for breakfasts."
Food Chemist,254,3,Tangy whole grain mustard for sandwiches and dressings.
Research Assistant II,58,3,"Crunchy and nutritious almonds, perfect for snacking."
Software Engineer I,815,3,"Golden brown potato tots, crispy on the outside and fluffy inside."
Sales Associate,904,1.5,Blender for smoothies with a portable cup.
Nuclear Power Engineer,278,3,Microwaveable heat pad for soothing muscle aches.
Data Coordinator,540,3,Bright LED flashlight with adjustable beam.
Physical Therapy Assistant,884,3,"Delicious turkey bacon, a healthier alternative."
Help Desk Technician,116,5,"Continuous stream of fresh water for pets, promoting hydration."
Administrative Officer,602,1.5,Delicious canned pineapple rings for desserts or salads.
Assistant Manager,118,3,Prepped vegetables and sauces for a quick Asian stir-fry meal.
Business Systems Development Analyst,565,3,Complete set of gardening tools for outdoor tasks.
Environmental Tech,990,3,"A blend of nuts, seeds, and spices for a healthy snack."
Assistant Manager,958,18,High-quality cutlery set for daily use or special occasions.
Environmental Tech,181,4,Comfortable eye mask that includes noise-canceling ear plugs.
Operator,827,5,"A blend of nuts, seeds, and spices for a healthy snack."
Environmental Tech,172,3,"A hearty salad with grains, dried fruits, and nuts."
Professor,592,4,Flexible molds perfect for baking cakes and pastries.
Registered Nurse,50,3,Self-cleaning grooming brush for cats and dogs.
Research Associate,52,5,"Rich spaghetti sauce, a perfect pasta sauce."
Assistant Manager,777,3,"Nutritious protein bar with cherry and almond flavor, great for on-the-go."
Desktop Support Technician,394,1.5,Portable rechargeable warmer for cold days.
Account Executive,263,4,Stainless steel travel mug that keeps drinks hot or cold.
Project Manager,445,1.5,Stylish black leather jacket featuring a zip-up front and multiple pockets.
Help Desk Operator,745,1.5,BPA-free sports bottle with flip-top lid.
Teacher,445,3,Crunchy croutons with a blend of herbs for salads.
Programmer I,457,1.5,Space-saving solution to store shoes and keep them organized.
Internal Auditor,202,3,Creamy mashed potatoes infused with roasted garlic flavor.
Editor,807,10,Insulated mug to keep drinks hot on the go.
Geological Engineer,294,3,A protein-packed pancake mix for a nutritious breakfast.
Account Executive,12,13,Shredded cabbage and carrots for coleslaw.
Office Assistant IV,648,1.5,Fast and accurate thermometer for grilling and cooking.
Business Systems Development Analyst,936,4,"Hearty beef chili, ready to heat and eat."
Developer III,18,4,"Creamy, dairy-free Alfredo sauce"
Developer II,350,12,A retro-style button-down shirt with a relaxed fit.
Chief Design Engineer,226,3,Sweet mixture of cinnamon and sugar for sprinkling.
Quality Control Specialist,835,17,Notepad made from recycled paper for sustainable note-taking.
VP Marketing,770,3,Sweet and tangy jam made from natural apricots.
Environmental Tech,672,3,Convert your desk to a standing desk easily.
Analog Circuit Design manager,30,3,Convenient holder for drinks and phones while driving.
Teacher,24,3,"Crunchy granola with maple syrup and pecans, great for breakfast or snacking."
Actuary,354,17,"Delicious vegetable dumplings, perfect for steaming or frying."
Editor,345,3,"A flavorful garlic butter blend, perfect for cooking or baking."
Automation Specialist IV,582,4.5,"Crispy and chewy granola bars, perfect for on-the-go."
Help Desk Operator,799,3,"A light and tangy dressing with poppy seeds, perfect for salads."
Account Executive,38,1.5,True wireless earbuds with excellent sound quality.
VP Quality Control,860,3,A fragrant blend of Italian herbs for pasta sauces and marinades.
Research Associate,682,1.5,Indoor gardening kit with herbs and pots.
Nuclear Power Engineer,292,3,Delicious cookies packed with oats and raisins.
VP Accounting,432,13,Sanitary holder that ensures your toothbrush stays clean.
Director of Sales,14,3,Multi-functional gloves for planting and digging without tools.
Structural Analysis Engineer,124,3,A timeless baseball cap that adds a sporty touch to any outfit.
Teacher,777,4,Fun gardening tools designed specifically for kids.
VP Quality Control,589,3,Spreadable cream cheese with garlic and herbs.
Tax Accountant,421,11,Space-saving collapsible bottle for outdoor activities.
Junior Executive,85,4,"A creamy spread made with chocolate and hazelnuts, perfect for toast."
Computer Systems Analyst III,740,1.5,"Rich and creamy dressing with garlic flavor, perfect for salads."
VP Marketing,885,3,Small toolkit with essentials for home repairs.
Software Test Engineer I,304,4,"Layers of pasta, veggies, and cheese baked to perfection."
Engineer IV,414,16.5,"Crunchy, toasted coconut chips for snacking."
Nurse Practicioner,672,3,Complete set to brew coffee with different methods.
Chemical Engineer,623,6,"Creamy chickpea dip, perfect for veggies or pita."
Senior Financial Analyst,383,5,Complete kit for emergency situations including food and water.
Electrical Engineer,924,4,Smart robotic vacuum for automatic cleaning.
Teacher,182,3,Easy-to-make pancake mix with pumpkin spice flavor.
Financial Analyst,133,3,Versatile puff pastry for pies and pastries.
Food Chemist,977,3,Eco-friendly electric bike with a 30-mile range.
Programmer III,79,3,Everything you need to make your own scented candles at home.
Information Systems Manager,474,3,Convenient magnetic jars for easy spice storage.
Senior Editor,951,4,"Freshly baked French baguette, perfect for dipping."
Speech Pathologist,533,3,Reusable silicone mats for non-stick baking.
Recruiting Manager,20,3,Complete set of gardening tools for outdoor tasks.
Research Associate,273,13,"Frozen shrimp seasoned with chili and lime, perfect for quick dinners."
Data Coordinator,641,5,Absorbent training pads for puppies and kittens.
Information Systems Manager,94,3,A tangy sauce that combines lemon zest and basil for a refreshing flavor.
Chemical Engineer,711,5,Spicy chili sauce for an extra kick in your meals.
Administrative Assistant IV,826,3,Charming frame to showcase your favorite photos.
Senior Cost Accountant,746,4,Natural honey sourced from wildflowers.
Product Engineer,197,3,Insulated water bottle for keeping drinks cold.
Chemical Engineer,801,3,Practical cargo pants with lots of pockets for functionality.
Help Desk Operator,149,3,Everything you need to make your own candles.
Product Engineer,413,3,"A blend of assorted nuts, perfect for snacking or adding to recipes."
Nurse,324,4,Complete kit for crafting your own scented soaps.
Chief Design Engineer,390,3,Wireless earbuds designed for immersive sound experience.
VP Quality Control,948,12,Soft oatmeal cookies with maple and pecans.
Electrical Engineer,920,3,A tailored slim fit shirt for a polished look at work.
VP Marketing,202,3,Comfortable and adjustable harness for dogs.
Structural Analysis Engineer,763,4,Organizational cubes for easy packing and travel.
Paralegal,448,3,A sweet and spicy sauce ideal for spring rolls or chicken nuggets.
Civil Engineer,856,3,"Floral and refreshing herbal tea, great hot or iced."
Cost Accountant,190,16,Adjustable phone mount for car dashboard.
Environmental Tech,660,1.5,Stylish fruit basket for kitchen or dining room.
Data Coordinator,978,3,"Rich cream extracted from coconut milk, ideal for desserts."
Recruiter,210,3,Designed for comfort and performance during workouts.
Human Resources Manager,404,3,Eco-friendly phone case designed to decompose safely.
Office Assistant I,672,3,Multi-level cat tree for climbing and scratching.
Business Systems Development Analyst,140,3,Citrusy lemons perfect for drinks and cooking.
Associate Professor,911,4,"Rich and smooth cold brew coffee concentrate, just add water or milk."
Sales Associate,328,3,Manual pasta maker for creating fresh pasta at home.
Health Coach III,196,1.5,Stylish desk set to keep your workspace tidy and organized.
Editor,350,4.5,Portable mixer bottle for smoothies and protein shakes.
Computer Systems Analyst I,750,3,Add a pop of color with this stylish patterned knit scarf.
Civil Engineer,427,6,Space-saving colander for rinsing fruits and vegetables.
Internal Auditor,768,3,"A mix of wild rice with herbs and spices, ready to serve."
Help Desk Technician,519,3,Durable and non-stick ceramic cookware for healthy cooking.
Design Engineer,511,1.5,"Quick-cooking couscous, great as a side or base."
Information Systems Manager,869,3,Sweet and tangy honey mustard dip for snacks.
Operator,855,1.5,Twisted pasta perfect for salads and pasta dishes.
VP Marketing,485,3,Stylish hooks to easily hang shower curtains.
Senior Quality Engineer,414,4,Rich and creamy pudding made with ripe avocados and cocoa.
Software Engineer I,58,3,All-in-one kit for brewing beer at home.
Human Resources Manager,255,3,"A delicious savory quinoa pudding, great as a side dish."
Assistant Manager,710,4,Blender for smoothies with a portable cup.
Librarian,700,5,"Fresh and zesty salsa, perfect for nachos."
Actuary,114,4,High-quality matcha powder for smoothies and baking.
Staff Accountant II,517,4,Breathable mesh sports leggings for ultimate comfort.
Business Systems Development Analyst,195,3,Light and crunchy rice cakes with a variety of flavors.
Human Resources Manager,750,1.5,Soft oatmeal cookies with maple and pecans.
Engineer II,822,1.5,Refreshing dessert bars made with pineapple and coconut.
Geological Engineer,647,1.5,Set of magnetic jars for convenient spice organization.
Dental Hygienist,393,4,Popcorn tossed with sweet or savory flavors for a tasty snack.
Statistician II,966,4,Stylish insulated lunch bag for on-the-go meals.
Office Assistant III,40,3,Eco-friendly utensil set made from natural wood.
Project Manager,382,3,Eco-friendly yoga mat made from sustainable materials.
Occupational Therapist,801,4,"A tangy sauce made with cranberries and citrus zest, perfect for turkey and chicken dishes."
Systems Administrator IV,389,13,"Canned beans with chili sauce, perfect for chili dishes."
VP Marketing,803,3,Airtight container to keep pet food fresh.
Financial Analyst,381,3,Popcorn tossed with sweet or savory flavors for a tasty snack.
Senior Sales Associate,812,3,Abstract canvas print to enhance home decor.
Accounting Assistant III,689,3,Miso paste for making traditional Japanese miso soup.
Environmental Specialist,769,3,Charming frame to showcase your favorite photos.
Food Chemist,116,3,Lightweight and durable hammock for relaxing in nature.
Senior Cost Accountant,657,3,Sweet mixture of cinnamon and sugar for sprinkling.
Software Consultant,706,3,Marinated grilled chicken breasts seasoned with garlic and herbs.
Marketing Assistant,685,3,Savory teriyaki sauce for stir-frying veggies or meats.
Staff Accountant II,95,3,Advanced electric toothbrush for effective cleaning.
Assistant Media Planner,406,3,Powerful blender for smoothies and soups.
Paralegal,775,1.5,Sweet and spicy salsa made with fresh peaches.
Project Manager,938,19,Eco-friendly utensil set made from natural wood.
Research Nurse,538,1.5,Compact action camera for capturing adventures.
Computer Systems Analyst III,574,1.5,Refreshing coconut water packed with electrolytes for hydration.
Physical Therapy Assistant,844,3,"Healthy salad made with quinoa, almonds, and mixed greens, perfect for a light meal."
Operator,727,4,Fresh eggs from free-range chickens.
VP Accounting,247,3,Warm and stylish jacket for cold weather.
Staff Scientist,639,5,Durable baking sheet coated for easy food release.
Physical Therapy Assistant,920,4,"Sweet blackberry compote, perfect for topping desserts."
Office Assistant III,786,1.5,"A lightweight tank dress, ideal for warm weather outings."
Speech Pathologist,489,3,"Compact, waterproof blanket for picnics and events."
Payment Adjustment Coordinator,122,1.5,Essential survival gear kit for emergencies.
Tax Accountant,332,3,Soft corner protectors to keep babies safe at home.
Teacher,288,4,Compact fire pit for campfires and gatherings.
Community Outreach Specialist,377,3,GPS collar that monitors your pet's location and activity level.
Help Desk Technician,284,3,"Hearty chili made with beans and vegetables, a savory meal option."
Data Coordinator,838,3,High-quality leather wallet with multiple compartments.
Budget/Accounting Analyst III,165,1.5,Plant-based mix for a rich chocolate cake.
Research Associate,427,3,"Instant miso soup mix, just add hot water for a warm meal."
Junior Executive,607,3,"Creamy ice cream with a warm cinnamon flavor, perfect for dessert."
VP Marketing,553,3,Gluten-free pancake mix made with almond flour.
Chief Design Engineer,300,3,Professional sharpening system for kitchen knives.
Occupational Therapist,444,12,Space-saving cup that folds flat for easy storage.
Software Engineer II,85,3,Delicious muffins filled with apples and a hint of cinnamon for breakfast.
Research Assistant I,979,3,Comfortable over-ear headphones with deep bass.
Recruiter,444,21,"Creamy risotto made with mushrooms and herbs, perfect as a side dish or main course."
General Manager,747,16,Comfortable and breathable backpack for carrying small pets.
Programmer II,868,3,"Soft and fluffy whole wheat pita bread, great for wraps."
VP Product Management,846,3,Compact keyboard for tablets and smartphones.
Professor,807,3,"Light and crispy baked chips, a healthier snack option."
Senior Editor,109,13,"A savory marinade for meats, perfect for grilling."
Senior Sales Associate,855,16.5,Creamy dessert made with rice and cinnamon.
Automation Specialist II,992,3,Soft and breathable cotton sweatpants perfect for lounging or workouts.
Account Executive,357,19,Hearty casserole with beef and enchilada sauce.
Systems Administrator IV,560,3,Rechargeable electric toothbrush with smart timer.
Operator,667,18.5,Artisan bread with caraway seeds for added flavor.
Account Representative III,878,3,"Sweet bread with cinnamon and raisins, great for breakfast or snacks."
Administrative Assistant IV,196,3,Bright flashlight with rechargeable batteries included.
Dental Hygienist,295,3,Assorted cloths for cleaning electronics and delicate surfaces.
Developer I,427,6,Flavorful dressing made with miso paste
Sales Representative,685,4,Lightweight and breathable running shorts for your workouts.
Assistant Media Planner,93,1.5,Portable case to organize and protect jewelry on trips.
Help Desk Operator,394,3,Magnetic puzzle assembly board for kids.
Nurse,108,3,A rich curry paste for making authentic Thai green curry at home.
Human Resources Assistant III,438,4.5,"Flavorful chicken sausage, low in fat and fully cooked."
Compensation Analyst,979,3,500-piece jigsaw puzzle featuring beautiful scenery.
Analyst Programmer,743,3,"Healthy salad made with quinoa, almonds, and mixed greens, perfect for a light meal."
VP Marketing,58,3,"Refreshing green tea infused with peach, perfect for a hot day."
Geological Engineer,818,4,Water-resistant blanket for picnics and outdoor events.
Compensation Analyst,946,4,Comfortable and warm leggings perfect for colder weather.
Electrical Engineer,657,3,Multi-angle stand for easy viewing of devices.
Operator,123,1.5,"Smart tailored dress pants, perfect for work or formal events."
Sales Representative,942,21,Creamy pumpkin soup with spices
Design Engineer,193,3,"Smooth and creamy, ideal for spreads or baking."
Actuary,89,3,Rechargeable screwdriver with multiple bits for DIY projects.
Developer I,319,3,Light and fluffy popcorn coated in aged white cheddar.
Director of Sales,828,4,Bluetooth-enabled key tracker to find lost items easily.
Business Systems Development Analyst,158,3,A light and breezy top ideal for warm days.
Analog Circuit Design manager,192,3,"A blend of nuts, seeds, and spices for a healthy snack."
Human Resources Manager,571,1.5,Handheld sprayer designed for washing pets easily.
Help Desk Technician,782,5,Wireless microphone for singing and performances.
Senior Financial Analyst,343,4,Wi-Fi enabled plug for controlling devices from your smartphone.
Desktop Support Technician,804,3,Soft cotton pajama set for cozy nights in.
Payment Adjustment Coordinator,711,11,"A ready-to-eat soup with coconut milk, spices, and vegetables."
Payment Adjustment Coordinator,563,4.5,Compact jump starter for emergency vehicle starts.
Pharmacist,43,4,A mix to create a delicious onion dip for parties or snacking.
Budget/Accounting Analyst II,622,4,A retro-style button-down shirt with a relaxed fit.
Senior Financial Analyst,168,3,Extra soft electric blanket with adjustable heat settings.
Software Consultant,918,3,Nutritious chia seeds great for smoothies
Health Coach I,275,3,Natural elderberry syrup to boost immunity.
Accountant III,913,5,Light and fluffy popcorn coated in aged white cheddar.
Paralegal,885,3,Soft corner protectors to keep babies safe at home.
Project Manager,397,1.5,Compact hose reel to keep your garden tidy.
Payment Adjustment Coordinator,387,3,Comfortable trainers with mesh inserts for breathability.
Software Engineer I,800,5,Frozen mix for quick berry smoothies.
Speech Pathologist,762,1.5,Maintain freshness and dispense cereal easily.
Project Manager,880,3,Automated stirring for your drinks with just a press of a button.
Account Executive,944,4,Countertop dishwasher for small kitchens.
Librarian,179,3,Monitor and interact with your pet remotely with this camera.
Senior Cost Accountant,907,4,Universal mount for smartphones on motorcycles.
Environmental Specialist,124,3,Soft and cozy bathrobe perfect for relaxing at home.
Help Desk Technician,538,1.5,Durable and shatterproof silicone glasses for outdoor use.
Programmer Analyst III,246,1.5,Creamy soup full of rich mushroom flavor.
Help Desk Operator,322,13,"Canned pumpkin puree, perfect for pies and soups."
Geologist II,853,3,Training tool for reinforcing commands and behavior in dogs.
Chief Design Engineer,14,3,Comfortable gaming chair for long hours of play.
Web Developer I,336,3,Fresh organic blueberries perfect for snacking or baking.
Account Coordinator,531,18,"A creamy pumpkin soup with a blend of warm spices, ready to heat and serve."
Senior Cost Accountant,652,4,Durable gardening gloves with reinforced fingertips.
Internal Auditor,559,3,Automated stirring for your drinks with just a press of a button.
Design Engineer,623,4,32GB USB flash drive with fast data transfer speeds.
Electrical Engineer,284,4,Water-resistant Bluetooth speaker for showers.
Assistant Media Planner,667,2.5,Cute dispenser for bathrooms or kitchens featuring paw prints.
Data Coordinator,843,4,Automated litter box that cleans itself after each use.
Administrative Assistant II,260,4.5,Rich coconut milk for curries and desserts.
General Manager,202,3,Secure phone mount that wirelessly charges your device while driving.
Assistant Media Planner,950,3,"A delicious savory quinoa pudding, great as a side dish."
Media Manager II,278,5,Rechargeable electric wine opener for effortless uncorking.
Systems Administrator I,127,21,Compact action camera for capturing adventures.
VP Accounting,382,3,Relieve muscle tension and soreness with this foam roller.
Administrative Officer,627,3,Durable gardening gloves with reinforced fingertips.
Research Nurse,648,1.5,Stylish desk lamp featuring a USB charging port.
Statistician II,702,3,DIY LED strip lights with remote control.
Programmer Analyst III,899,4,Durable skipping rope with adjustable length for workouts.
Director of Sales,484,3,"Cold-pressed coconut oil, perfect for cooking, baking, or skin care."
Senior Editor,956,4,A rich sauce perfect for pasta or drizzling over vegetables.
Nuclear Power Engineer,648,3,Compact trash can for keeping your car clean.
Senior Editor,786,1.5,Reusable microfiber cloths for environmentally friendly cleaning.
Senior Sales Associate,840,5,Bluetooth speakers with excellent sound quality.
Sales Representative,938,3,Durable lunch box designed to keep food fresh and cool.
Software Consultant,885,3.5,"Sweet and crisp apples, perfect for snacking."
Research Assistant IV,577,3,Indoor gardening kit with herbs and pots.
Web Developer III,882,5,Soft and cozy slippers for indoor wear.
Cost Accountant,425,3,Inspiring cookbook with healthy recipes.
Professor,260,4,DIY kit to make your own elderberry syrup.
Senior Financial Analyst,682,3,"Tangy goat cheese infused with herbs, perfect for snacking."
Food Chemist,217,3,Powerful electric pressure washer for deep cleaning.
Pharmacist,424,9.5,BPA-free glass containers for safe food storage.
Data Coordinator,435,1.5,Moist and flavorful muffins packed with fall spices and pumpkin puree.
Health Coach II,781,3,Colorful building blocks for creative play.
Assistant Professor,183,3,"Sweet and tender peach slices preserved in syrup, great for desserts."
Administrative Assistant IV,582,5,"Crispy and juicy chicken tenders, perfect for dipping."
Automation Specialist II,107,5.5,Portable mixer bottle for smoothies and protein shakes.
Nurse,244,3,"A delicious creamy dip featuring spinach and artichokes, perfect for parties."
Senior Editor,705,3,Creamy soup full of rich mushroom flavor.
Account Coordinator,445,3,Crispy roasted chickpeas seasoned to perfection
Systems Administrator I,835,14,Comprehensive first aid kit for home or travel emergencies.
Director of Sales,961,4,Artisan-made sourdough bread with a tangy flavor.
Librarian,116,4,Electric indoor grill for quick meals.
Electrical Engineer,69,3,Delicious veggie burger patties for grilling or frying.
Information Systems Manager,106,3,Handy belt for carrying garden tools while working.
Software Test Engineer III,378,19,Unique handcrafted utensils for cooking and serving.
Software Test Engineer I,331,3,Wide pasta sheets for making lasagna.
Analog Circuit Design manager,221,4,"Fluffy and delicious pancake mix, perfect for a gluten-free breakfast."
Sales Representative,80,20,Foam yoga block for enhancing poses and stability.
Quality Control Specialist,422,3,Electric foot massager for relaxation and relief.
Quality Control Specialist,337,9.5,Spacious duffle bag for weekend getaways.
Marketing Manager,375,12,Eco-friendly solar lights for pathways and gardens.
Librarian,427,4,Countertop dishwasher for small kitchens.
Software Engineer III,510,3,"Smoothie mix combining peanut butter and banana, great for a quick breakfast."
Health Coach IV,575,3,Rich and creamy smoked Gouda cheese perfect for snacking.
Budget/Accounting Analyst I,464,4,"Crispy baked falafel balls, perfect for salads"
Registered Nurse,980,1.5,Rich and creamy pudding made with ripe avocados and cocoa.
Health Coach IV,620,3,"A trendy fanny pack, perfect for hands-free outings."
Associate Professor,661,3,Artisan-made sourdough bread with a tangy flavor.
Actuary,401,5,Compact pocket tool with various built-in functions.
Design Engineer,293,4,Eco-friendly sealer for protecting concrete surfaces.
Associate Professor,405,3,"Fudgy brownie bites, perfect for sharing or snacking."
Mechanical Systems Engineer,511,3,A stunning lace dress perfect for special occasions.
General Manager,505,4,"Rich coconut milk, great for cooking and baking."
Compensation Analyst,436,1.5,Crunchy granola with pumpkin spice flavor.
Biostatistician IV,789,1.5,Warm and stylish jacket for cold weather.
Chief Design Engineer,961,3,Reusable mat that prevents food from sticking to the grill.
Web Designer IV,142,3,Portable projector with 1080p resolution for movies.
Mechanical Systems Engineer,615,4,Complete set of gardening tools for outdoor tasks.
Systems Administrator I,906,3,Creative building set for kids to spark imagination.
Automation Specialist II,766,3,Set of versatile mixing bowls for cooking.
Accounting Assistant II,853,5,Journal to record workouts and nutrition.
Actuary,833,11,Non-stick and heat-resistant utensils for cooking.
Actuary,42,1.5,Automatic can opener for easy meal prep.
Design Engineer,606,3,"Soft and delicious garlic-infused flatbread, perfect for dipping."
Assistant Media Planner,550,3,Delicious dark chocolate with creamy nut butter inside.
Quality Control Specialist,992,3,Complete kit for starting your own organic garden.
Clinical Specialist,521,3,Creamy and crumbly cheese for salads and dishes.
Human Resources Assistant II,544,1.5,High-quality whole wheat flour for baking and cooking.
Recruiting Manager,419,4,Refreshing dessert bars made with pineapple and coconut.
Health Coach II,901,15,Sturdy camera tripod for professional photography.
Analog Circuit Design manager,963,12,"Frozen cauliflower bites coated in spicy buffalo sauce, ready to bake and enjoy as an appetizer."
Social Worker,749,13,Cozy cable knit cardigan to layer during chilly evenings.
Food Chemist,512,3,Natural elderberry syrup to boost immunity.
Registered Nurse,116,4,"Fluffy quinoa mixed with lemon zest and herbs, a perfect side."
VP Quality Control,461,1.5,"Refreshing dressing made with avocado and lime, perfect for salads."
Human Resources Assistant II,547,3,"All-in-one meal kit including pasta, meatballs, and sauce for a quick dinner."
Marketing Assistant,893,3,Hands-on experience with science and engineering projects.
Information Systems Manager,168,3,"Crispy baked radish chips, a healthy snack alternative."
Statistician IV,904,3,Prevent water damage with drip trays for potted plants.
Compensation Analyst,147,12,Crispy dill pickles that are perfect for snacking or sandwiches.
Senior Developer,676,1.5,Professional-grade nail care set for manicures and pedicures.
Professor,626,3,"Whole wheat wraps filled with spinach, feta, and herbs."
Business Systems Development Analyst,292,1.5,"Multi-function pressure cooker that can saut√©, steam, and slow cook."
Clinical Specialist,859,4,Strong magnetic holder for smartphones in cars.
Dental Hygienist,627,3,Crisp and delicious organic apples.
Sales Representative,800,4,Classic chicken noodle soup with tender chicken and vegetables.
Software Engineer II,846,3,Convenient belt with pockets for easy access to tools while gardening.
Help Desk Operator,140,4,Comfortable gaming chair for long hours of play.
Marketing Assistant,568,1.5,Countertop dishwasher for small kitchens.
Engineer IV,225,3,Complete outdoor kit for camping and hiking.
Technical Writer,169,4,Stylish bookends to keep books organized on shelves.
Developer II,89,4,"Track steps, heart rate, and sleep patterns."
Sales Associate,656,1.5,"Creamy yogurt with probiotics, available in various flavors."
Assistant Media Planner,790,3,Energy-efficient infrared heater for home use.
VP Quality Control,590,3,Eco-friendly generator for outdoor adventures.
Sales Representative,821,3,Monthly subscription for freshly roasted coffee delivered to your door.
Senior Quality Engineer,499,3,Compact jump starter for emergency vehicle starts.
Financial Advisor,521,3,Creamy and crumbly cheese for salads and dishes.
Quality Control Specialist,476,1.5,Eco-friendly generator for outdoor adventures.
Staff Scientist,146,3,Unsweetened coconut flakes for baking and topping.
Paralegal,608,3,"Crispy baked radish chips, a healthy snack alternative."
Technical Writer,495,3,Soft glow night light for children's rooms or bedside.
Staff Accountant II,676,5,Waterproof picnic blanket for outdoor fun.
Professor,189,3,Shredded cabbage and carrots for coleslaw.
VP Product Management,426,3,Durable gardening gloves with reinforced fingertips.
Developer II,455,3,Stylish holder for organizing cooking utensils.
Database Administrator II,455,3,Artisan bread with caraway seeds for added flavor.
Programmer Analyst IV,578,4,Classic wooden train set for imaginative play.
Internal Auditor,835,4,"Rich and tangy balsamic vinegar, perfect for dressings."
GIS Technical Architect,847,3,Creamy soup full of rich mushroom flavor.
Chemical Engineer,477,3,"Thin and crispy flatbreads, perfect for dips."
Staff Scientist,68,3,"Frozen green peas, a great addition to meals."
Compensation Analyst,381,3,"Savory oatmeal ready to eat, great for breakfast or a snack."
Recruiting Manager,504,3,"Deliciously crunchy sweet potato chips, seasoned to perfection."
Human Resources Assistant IV,652,11,"A whole free-range chicken, ready for roasting."
Account Executive,873,1.5,"Savory, protein-rich beef jerky for on-the-go snacking."
Analyst Programmer,982,18,"Spicy jalapenos stuffed with cheese, ideal for appetizers."
Web Developer I,199,4,Eco-friendly utensil set made from natural wood.
Legal Assistant,694,3,Comfortable and breathable backpack for carrying small pets.
Dental Hygienist,78,3,Customizable window cover for light control and privacy.
Developer III,474,1.5,Fresh walnut halves for baking or snacking.
Marketing Manager,740,3,Freshly ground cinnamon spice for baking or seasoning.
Environmental Specialist,538,4,Frozen mix of colorful stir-fry veggies.
Accountant I,459,3,Traditional basil pesto made with extra virgin olive oil.
Chemical Engineer,117,4,"Essential cotton tank top, perfect for layering."
Help Desk Technician,592,3,DIY kit to make your own lip balms in various flavors.
Staff Accountant IV,628,3,Insulated mug to keep drinks hot on the go.
Assistant Manager,242,3,Elegant classic pumps that add sophistication to any outfit.
Associate Professor,757,3,Comprehensive first aid kit for home and travel.
Paralegal,25,1.5,Insulated mug to keep drinks hot on the go.
Social Worker,531,3,Device that tracks soil moisture and provides care tips.
Payment Adjustment Coordinator,632,13,"A mix of fresh raspberries, blueberries, and blackberries."
Senior Quality Engineer,724,10,Rechargeable hand warmer for cold weather comfort.
Financial Analyst,182,3,Programmable digital thermostat for home heating.
Quality Engineer,244,5.5,Battery-operated motion sensor light for safety.
Help Desk Operator,746,1.5,Organize coffee capsules with this stylish dispenser.
Information Systems Manager,998,5,Spicy blue cheese with a hint of buffalo flavor.
Civil Engineer,138,4,Durable cover to protect your grill from the elements.
Media Manager I,657,3,Floating bookshelf to display your favorite books.
Analog Circuit Design manager,473,3,"Rich tomato soup flavored with fresh basil, ready to heat up."
Civil Engineer,833,3,All ingredients included for delicious chicken fajitas.
Business Systems Development Analyst,202,3,"Chic suede ankle booties, perfect for dressing up or down."
Junior Executive,359,3,Creamy risotto infused with wild mushrooms.
Software Engineer II,79,3,Set of unique wooden coasters for drinks and decor.
Cost Accountant,292,3,Tangy sweet chili sauce perfect for dipping or cooking.
Human Resources Manager,576,3,Comfortable gaming headset with surround sound.
VP Product Management,694,3,Space-saving rack to store and organize spices conveniently.
Actuary,622,3,Adjustable phone mount for car dashboard.
Structural Analysis Engineer,971,3,Official size basketball for indoor and outdoor play.
Community Outreach Specialist,758,4,"Non-stick griddle for pancakes, burgers, and more."
Product Engineer,409,4,"Sweet and fruity peach preserves, perfect for spreading on toast."
Research Nurse,610,5,"Floral and refreshing herbal tea, great hot or iced."
Office Assistant III,781,4,Eco-friendly toys for learning and imaginative play.
Information Systems Manager,129,3,Smoky and sweet BBQ sauce for grilling and dipping.
Structural Engineer,308,4,Complete kit for starting your own organic garden.
Systems Administrator II,585,3,Eco-friendly utensil set made from natural wood.
Senior Sales Associate,756,3,Assorted herbal tea bags for relaxation and wellness.
Senior Developer,584,3,A seasonal creamer that adds pumpkin spice flavor to coffee or tea.
Structural Analysis Engineer,315,4,"Canned beans with chili sauce, perfect for chili dishes."
Statistician IV,946,1.5,"Durable, unbreakable wine glasses for outdoor use."
Graphic Designer,579,3,Challenging and fun puzzle game for all ages.
Geological Engineer,477,3,A warming blend of ginger and turmeric for lattes.
Help Desk Technician,714,3,Stylish scarves to accessorize any outfit.
Budget/Accounting Analyst III,836,3,A pack of assorted nut and protein bars for a quick energy boost.
VP Product Management,47,1.5,A convenient powder mix combining greens and fruits for smoothies.
Assistant Manager,764,3,Herbal tea bags made from dried hibiscus flowers.
Health Coach II,167,3,Versatile puff pastry for pies and pastries.
VP Sales,287,1.5,Quote wall art to inspire and motivate.
Structural Analysis Engineer,751,5,"Ready-to-eat chia seed pudding made with coconut milk, perfect for breakfast or dessert."
Budget/Accounting Analyst I,304,3,Crunchy crackers topped with real cheddar cheese flavor.
Financial Analyst,96,3,Ergonomic wireless mouse with adjustable DPI.
Registered Nurse,223,3,Beautiful leather-bound journal for writing and sketching.
Administrative Assistant IV,878,1.5,A delicious sauce perfect for stir-frying or glazing meats.
Financial Advisor,765,3,A mix of frozen roasted vegetables for an easy side dish.
Staff Accountant III,207,3,"Tangy and sweet balsamic dressing, perfect for salads."
Biostatistician III,41,14,Instant pressure cooker with multiple cooking settings.
Environmental Specialist,348,3,"Soft and delicious garlic-infused flatbread, perfect for dipping."
Administrative Officer,711,4,Personal massager for muscle recovery.
Tax Accountant,107,3,Mix to create a delicious chia seed pudding in just a few minutes.
Teacher,101,3,Planters with a self-watering feature for easy care.
Senior Cost Accountant,175,1.5,Frozen mango chunks for smoothies or snacking.
Structural Analysis Engineer,92,3,Crunchy corn chips flavored with chili and lime for a zesty kick.
VP Accounting,795,15,"Creamy dip made with real onions and spices, great for chips and veggies."
Community Outreach Specialist,599,1.5,"Healthy fruit snacks, made with real fruit."
Staff Scientist,30,3,A spice blend for making flavorful chili con carne.
Food Chemist,150,3,Complete outdoor kit for camping and hiking.
Staff Accountant III,426,4,Crispy and sweet dried apple slices
VP Sales,395,3,Rich basil pesto sauce for pasta and more.
Accountant IV,196,4.5,Delicious dark chocolate cups filled with creamy peanut butter.
Accountant IV,161,3,Delicious dark chocolate cups filled with creamy peanut butter.
Web Developer II,134,3,"Versatile air fryer that also roasts, bakes, and broils."
Staff Accountant II,543,3,"A delightful mix of chocolate, coconut, and almonds in a snack bar."
GIS Technical Architect,901,3,"Crunchy granola with oats, almonds, and dried cranberries."
Staff Accountant III,127,3,Frozen smoothie pack with strawberries and bananas.
Payment Adjustment Coordinator,189,13,Stylish tote to keep wine bottles chilled while traveling.
Senior Developer,245,11,Rechargeable hand warmer for cold weather comfort.
Analyst Programmer,757,3,"Creamy, sweet pie mix to make the perfect coconut cream pie."
Professor,396,1.5,DIY LED strip lights with remote control.
Assistant Manager,107,5,"A nutritious quinoa salad with veggies and dressing, ready-to-eat."
VP Quality Control,300,3,Compact blender for quick smoothies and shakes.
VP Product Management,523,3,Fun tourist magnets from around the world for your fridge.
Chief Design Engineer,937,1.5,"Instant oats with a savory twist, such as herbs and spices."
Health Coach I,31,1.5,Gluten-free biscuits made with almond flour.
Programmer I,217,3,Complete cleaning kit for camera lenses.
Environmental Specialist,192,5,Stylish scarves to accessorize any outfit.
Marketing Manager,769,4,"A delicious savory quinoa pudding, great as a side dish."
Geological Engineer,512,1.5,Leak-proof bottles for travel-sized toiletries.
Environmental Specialist,271,3,Cordless electric knife for effortless slicing.
Marketing Assistant,280,3,Adjustable shelving unit for home or garage storage.
Administrative Officer,544,3,"A delicious savory quinoa pudding, great as a side dish."
Account Executive,942,3,Lightweight leaf blower for maintaining outdoor spaces.
Structural Engineer,898,3,Ergonomic monitor stand for improved workspace organization.
Nuclear Power Engineer,592,4,Digital scale for precise cooking measurements.
Environmental Specialist,895,4,Modern lamp featuring a USB port for convenient charging.
Nurse Practicioner,869,3,GPS collar that monitors your pet's location and activity level.
Software Engineer IV,959,3,"Bartender kit with shaker, jigger, and strainer."
Electrical Engineer,565,3,Frozen mix of colorful stir-fry veggies.
Engineer IV,300,1.5,"Freshly baked whole wheat bread, rich in fiber."
Graphic Designer,468,5,Popcorn tossed with sweet or savory flavors for a tasty snack.
Structural Engineer,582,3,A flavorful pasta sauce made with roasted garlic.
